iter	Logloss
0	0.598747994
1	0.5214958885
2	0.4571498329
